Classifier, Accuracy, Top3, Worst Rank
Random Forest, 0.764974112511899, 0.9428571428571428, 12 
Gradient Boosting, 0.7622460588330895, 0.9317460317460318, 16 
Decision Tree, 0.7397668965197, 0.9238095238095239, 12 
Nearest Neighbor, 0.6811891992291799, 0.8603174603174604, 20 
Multilayer Perceptron, 0.6130551879454853, 0.846031746031746, 29 
Support Vector Machine, 0.5531099811938427, 0.7095238095238096, 24 
Naive Bayes, 0.28340646838940353, 0.5666666666666667, 17 
